{
  "nominal_speed_mps": 0.2514582309250547,
  "max_speed_mps": 0.2514582309250547,
  "max_accel_mps2": 0.2,
  "cycle_frequency_hz": 0.5017211714339523,
  "max_cycle_frequency_hz": 3.6480909929681684,
  "nominal_step_length_m": 0.0651915163378815,
  "step_length_gain": 0.0346398544014077,
  "nominal_step_height_m": 0.01,
  "run_step_height_m": 0.05661122518456442,
  "stance_duty_factor": 0.6105034622315215,
  "torso_pitch_kp": 1.1255612943524393,
  "torso_pitch_kd": 0.36157829675298814,
  "hip_upright_gain": 0.7871380019982037,
  "hip_upright_damping": 0.3006118850243731,
  "torso_upright_limit_rad": 0.04150688842985308,
  "torso_forward_lean_per_speed": 0.12861174786570367,
  "torso_forward_lean_max_rad": 0.04150688842985308,
  "velocity_kp": 0.23928972445878122,
  "pelvis_height_target_m": 0.8726764133575922,
  "stance_foot_spread_m": 0.1018697458953185,
  "foot_separation_min_m": 0.14526550567630964,
  "kick_trigger_distance_m": 1.2
}